W,n_0,Ui,UiLocal,maxP,k,baseStationNum,allBaseStationNumber,userNumber,baseStationGain,sTotal,timeMax
16,1e-08,"[12, 15, 11, 10, 9, 14]",8.0,0.5,0.08,5,6,1,"[3.0215186870235267e-06, 4.336138409072382e-06, 2.9000395629050305e-06, 1.2257537812413651e-06, 3.0476891555763888e-06, 6.869151788280665e-06]","[5, 6, 7, 8, 9, 0]","[2, 3, 4, 5, 6, 0]"
