step,Sequence,Gain
0,"[1, 1, 1, 1, 1]",1
1,"[4, 3, 1, 2, 5]",0.029355453362846867
2,"[4, 3, 2, 1, 5]",0.029286033699053193
