step,Sequence,Gain
0,"[3, 6, 1, 2, 4, 5]",0.11628655338187371
1,"[3, 6, 1, 4, 2, 5]",0.11518585997634606
2,"[3, 1, 6, 4, 2, 5]",0.12054003540947411
3,"[3, 1, 6, 2, 4, 5]",0.1216644754435322
