step,Sequence,Gain
0,"[3, 5, 4, 6, 2, 1]",0.12145267019671141
1,"[3, 5, 4, 2, 6, 1]",0.12694863871807088
2,"[3, 4, 5, 2, 6, 1]",0.12709411695930234
3,"[3, 4, 5, 1, 6, 2]",0.1330402123262845
