step,Sequence,Gain
0,"[3, 1, 2, 5, 4, 6]",0.14168036959749614
1,"[3, 6, 2, 5, 4, 1]",0.11910939329547277
2,"[3, 6, 5, 2, 4, 1]",0.11689264099436131
3,"[2, 6, 5, 3, 4, 1]",0.11726994491094747
