step,Sequence,Gain
0,"[6, 1, 4, 5, 3, 2]",0.12155361177996579
1,"[6, 2, 4, 5, 3, 1]",0.11141451542688793
2,"[6, 2, 3, 5, 4, 1]",0.11335056748811798
3,"[6, 2, 5, 3, 4, 1]",0.11223771642439581
