step,Sequence,Gain
0,"[1, 3, 2, 5, 6, 4]",0.10052381833408171
1,"[1, 3, 2, 5, 4, 6]",0.1418434586414491
2,"[1, 6, 2, 5, 4, 3]",0.11948616499465964
3,"[1, 2, 6, 5, 4, 3]",0.12382116232238033
